{"cameraMode":{"drawMode":0,"name":"Shaded","section":"Shading Mode"},"sceneLighting":false,"audioPlay":false,"sceneViewState":{"m_AlwaysRefresh":false,"showFog":false,"showSkybox":false,"showFlares":false,"showImageEffects":false,"showParticleSystems":false,"showVisualEffectGraphs":true,"m_FxEnabled":true},"in2DMode":false,"pivot":{"x":0.10850965976715088,"y":0.694087028503418,"z":0.08312588930130005},"rotation":{"x":-0.16918307542800904,"y":0.7004851698875427,"z":0.17677131295204163,"w":0.6704379320144653},"size":0.7502439022064209,"orthographic":false}